Workbook

Sheet CAPA
B26: Tabela 1
B30: Tabela 2
B37: Tabela 3

Sheet CALCULADORAS
C3: IMPORTANTE! INSERIR OU SELECIONAR VALORES APENAS NOS CAMPOS EM AMARELO
C5: Calculadora de Objetivo Financeiro
C6: Valor Objetivado: | E6: 0
C7: Em quanto tempo deseja acumular esse valor? | E7: Dias
C8: Valor a ser economizado por:
C9: Dia | E9: =IFERROR(IF(E7=L15,E6/(D7*M15),IF(E7=N14,E6/(D7*N15),IF(E7=O14,E6/(D7*O15),IF(E7=P14,E6/(D7*P15))))),"R$ 0,00") -> R$ 0,00
C10: Semana | E10: =IFERROR(IF(E7=M14,"-",IF(E7=N14,E6/(D7*N16),IF(E7=O14,E6/(D7*O16),IF(E7=P14,E6/(D7*P16))))),"R$ 0,00") -> -
C11: Mês | E11: =IFERROR(IF(E7=M14,"-",IF(E7=N14,"-",IF(E7=O14,E6/D7,IF(E7=P14,E6/(D7*P17))))),"R$ 0,00") -> -
C12: Ano | E12: =IFERROR(IF(E7=M14,"-",IF(E7=N14,"-",IF(E7=O14,"-",IF(E7=P14,E6/(D7*P18))))),"R$ 0,00") -> -
C14: Calculadora de Previsibilidade | M14: Dias | N14: Semanas | O14: Mêses | P14: Anos
C15: Quanto investir por mês | D15: 0 | L15: Dias | M15: 1 | N15: 7 | O15: 30 | P15: 365
C16: Por Quantos Anos | L16: Semanas | M16: 0 | N16: 1 | O16: 4 | P16: 48
C17: Taxa de Rendimento | D17: 0 | L17: Mêses | M17: 0 | N17: 0 | O17: 1 | P17: 12
C18: Patrimonio acumulado | D18: =FV(D17,D16*12,D15*-1) -> 0 | L18: Anos | M18: 0 | N18: 0 | O18: 0 | P18: 1
C19: Rendimentos | D19: =D18*D17 -> 0
C21: Cenários | E21: Rendimento
B22: 1 | C22: 1 Ano | D22: =FV($D$17,B22*12,$D$15*-1) -> 0 | E22: =D22*$D$17 -> 0
B23: 2 | C23: 2 Anos | D23: =FV($D$17,B23*12,$D$15*-1) -> 0 | E23: =D23*$D$17 -> 0
B24: 5 | C24: 5 Anos | D24: =FV($D$17,B24*12,$D$15*-1) -> 0 | E24: =D24*$D$17 -> 0
B25: 10 | C25: 10 Anos | D25: =FV($D$17,B25*12,$D$15*-1) -> 0 | E25: =D25*$D$17 -> 0
B26: 20 | C26: 20 Anos | D26: =FV($D$17,B26*12,$D$15*-1) -> 0 | E26: =D26*$D$17 -> 0
B27: 30 | C27: 30 Anos | D27: =FV($D$17,B27*12,$D$15*-1) -> 0 | E27: =D27*$D$17 -> 0
C29: Calculadora de Investimentos por Setor Baseado no Perfil de Investidor | E29: " "
C30: VALOR A SER INVESTIDO POR MÊS: | E30: 0
C31: Setor | D31: Percentual Sugerido | E31: Valores
C32: Varejo | D32: =IFERROR(VLOOKUP($E$29&"-"&C32,'LISTA % POR SETOR-PERFIL'!$A:$D,4,),"R$ 0,00") -> R$ 0,00 | E32: =D32*$E$30 -> 0
C33: Alimentos | D33: =IFERROR(VLOOKUP($E$29&"-"&C33,'LISTA % POR SETOR-PERFIL'!$A:$D,4,),"R$ 0,00") -> R$ 0,00 | E33: =D33*$E$30 -> 0
C34: Industria | D34: =IFERROR(VLOOKUP($E$29&"-"&C34,'LISTA % POR SETOR-PERFIL'!$A:$D,4,),"R$ 0,00") -> R$ 0,00 | E34: =D34*$E$30 -> 0
C35: Imobiliario | D35: =IFERROR(VLOOKUP($E$29&"-"&C35,'LISTA % POR SETOR-PERFIL'!$A:$D,4,),"R$ 0,00") -> R$ 0,00 | E35: =D35*$E$30 -> 0
C36: Publico | D36: =IFERROR(VLOOKUP($E$29&"-"&C36,'LISTA % POR SETOR-PERFIL'!$A:$D,4,),"R$ 0,00") -> R$ 0,00 | E36: =D36*$E$30 -> 0
C37: Comunicações | D37: =IFERROR(VLOOKUP($E$29&"-"&C37,'LISTA % POR SETOR-PERFIL'!$A:$D,4,),"R$ 0,00") -> R$ 0,00 | E37: =D37*$E$30 -> 0
E38: =SUM(E32:E37) -> 0

Sheet LISTA % POR SETOR-PERFIL
A2: CHAVE | B2: PERFIL | C2: SETOR | D2: %
A3: =B3&"-"&C3 -> Conservador-VAREJO | B3: Conservador | C3: VAREJO | D3: 0.05
A4: =B4&"-"&C4 -> Conservador-ALIMENTOS | B4: Conservador | C4: ALIMENTOS | D4: 0.25
A5: =B5&"-"&C5 -> Conservador-INDUSTRIA | B5: Conservador | C5: INDUSTRIA | D5: 0.05
A6: =B6&"-"&C6 -> Conservador-IMOBILIARIO | B6: Conservador | C6: IMOBILIARIO | D6: 0.5
A7: =B7&"-"&C7 -> Conservador-PUBLICO | B7: Conservador | C7: PUBLICO | D7: 0.05
A8: =B8&"-"&C8 -> Conservador-COMUNICAÇÕES | B8: Conservador | C8: COMUNICAÇÕES | D8: 0.1
A9: =B9&"-"&C9 -> Moderado-VAREJO | B9: Moderado | C9: VAREJO | D9: 0.15
A10: =B10&"-"&C10 -> Moderado-ALIMENTOS | B10: Moderado | C10: ALIMENTOS | D10: 0.15
A11: =B11&"-"&C11 -> Moderado-INDUSTRIA | B11: Moderado | C11: INDUSTRIA | D11: 0.1
A12: =B12&"-"&C12 -> Moderado-IMOBILIARIO | B12: Moderado | C12: IMOBILIARIO | D12: 0.35
A13: =B13&"-"&C13 -> Moderado-PUBLICO | B13: Moderado | C13: PUBLICO | D13: 0.1
A14: =B14&"-"&C14 -> Moderado-COMUNICAÇÕES | B14: Moderado | C14: COMUNICAÇÕES | D14: 0.15
... A20: =B20&"-"&C20 -> Agressivo-COMUNICAÇÕES | B20: Agressivo | C20: COMUNICAÇÕES | D20: 0.3
